log,object,object_pose,regeneration,n_raw,after_regeneration,already_admissible,flipped,dead_zone,after_topdown_cone,after_scene_floor_corridor,after_table_gate,after_wall_sweep,outcome
601_caja_run18_textura_final.log,black_gloves,P1,off,400,,,,,79,15,3,,
601_caja_run1_cayo_al_suelo.log,black_gloves,P1,off,400,,,,,69,69,10,,OK
601_caja_run3_pick_OK_place_en_borde.log,black_gloves,P1,off,400,,,,,66,7,2,,OK
601_caja_run4_y020_1de1.log,black_gloves,P1,off,400,,,,,56,8,4,,OK
601_caja_run5_cotas_y_placefix_1de1.log,black_gloves,P1,off,400,,,,,63,7,1,,OK
601_caja_run6_tapa120_cortado.log,black_gloves,P1,off,400,,,,,61,10,4,,OK
601_caja_run6_tapa120_cortado.log,brown_gloves,P1,off,400,,,,,72,11,1,,OK
601_caja_run6_tapa120_cortado.log,wireless_mouse,P1,off,400,,,,,,,,,
601_caja_run7_tapa170_6de6.log,black_gloves,P1,off,400,,,,,66,7,3,,OK
601_caja_run7_tapa170_6de6.log,brown_gloves,P1,off,400,,,,,70,7,6,,OK
601_caja_run7_tapa170_6de6.log,wireless_mouse,P1,off,400,,,,,,,,,OK
601_caja_run7_tapa170_6de6.log,usb_c_cable,P1,off,400,,,,,102,54,37,,OK
601_caja_run7_tapa170_6de6.log,pink_mesh,P1,off,400,,,,,102,18,3,,OK
601_caja_run7_tapa170_6de6.log,neceser_versace,P1,off,400,,,,,122,76,57,,OK
601_caja_run9_MEDIDA_12.7mm.log,black_gloves,P1,off,400,,,,,,,,,
sweep_mesa.log,camiseta_doblada,P1,off,400,,,,,,,,,
run_1336_camiseta_doblada_P1.log,camiseta_doblada,P1,off,400,,,,,,,,,
run_AB_gelatin_iny2.log,gelatin_box,P1,on,400,284,50,131,116,280,263,123,123,OK
run_AB_gelatin_inyectada.log,gelatin_box,P1,off,400,,,,,,,,,
run_AB_gelatin_pose_wh.log,gelatin_box,P1,on,400,283,63,116,117,276,257,127,127,OK
run_B_brown.log,brown_gloves,P1,off,400,,,,,79,15,5,,PLACE-FAIL
run_B_brown.log,brown_gloves,P2,off,400,,,,,74,11,1,,PLACE-FAIL
run_B_brown.log,brown_gloves,P3,off,400,,,,,,,,,
run_CTRL_gelatin_banco.log,gelatin_box,P1,on,400,257,83,117,143,248,240,159,159,OK
run_E1_centro35_0806.log,brown_gloves,P1,on,400,188,63,86,212,188,171,13,13,PLACE-FAIL
run_E1_centro35_0806.log,brown_gloves,P2,on,400,170,47,91,230,170,160,3,3,OK
run_E2_estrecho_pared_0806.log,brown_gloves,P1,on,400,41,2,19,359,40,15,1,1,PICK-FAIL
run_E2_estrecho_pared_0806.log,brown_gloves,P2,on,400,20,0,8,380,20,9,,0,PLACE-FAIL
run_E3_curobo_estrecho_0806.log,brown_gloves,P1,on,400,30,1,22,370,28,16,1,0,PICK-FAIL
run_E3_curobo_estrecho_0806.log,brown_gloves,P2,on,400,33,0,9,367,28,11,,0,PICK-FAIL
run_E4_estrecho_4poses_0806.log,brown_gloves,P1,on,400,40,3,15,360,37,14,2,0,PICK-FAIL
run_E4_estrecho_4poses_0806.log,brown_gloves,P2,on,400,30,0,7,370,26,8,,0,PICK-FAIL
run_E4_estrecho_4poses_0806.log,brown_gloves,P3,on,400,100,14,49,300,97,37,2,0,PLACE-FAIL
run_E4_estrecho_4poses_0806.log,brown_gloves,P4,on,400,32,0,9,368,31,9,,0,PLACE-FAIL
run_P2_pose_wh.log,gelatin_box,P1,on,400,236,90,106,164,229,225,158,158,OK
run_P2b_pose_wh.log,gelatin_box,P1,on,400,163,58,66,237,163,149,138,138,OK
run_P3_pose_y_nube.log,gelatin_box,P1,on,400,275,51,128,125,272,253,117,117,OK
run_Q4_traza.log,brown_gloves,P1,off,400,,,,,30,14,5,,OK
run_Q5_como_P23.log,brown_gloves,P1,off,400,,,,,59,13,1,,OK
run_Q6_sweep30.log,brown_gloves,P1,off,400,,,,,68,12,3,,PLACE-FAIL
run_Q7_place_sweep.log,brown_gloves,P1,off,400,,,,,68,21,2,,OK
run_al_cierre.log,brown_gloves,P1,on,400,47,1,26,353,42,13,1,1,PICK-FAIL
run_al_cierre.log,brown_gloves,P2,on,400,30,0,12,370,23,11,4,0,PICK-FAIL
run_al_cierre.log,brown_gloves,P3,on,400,97,12,46,303,97,35,4,0,PICK-FAIL
run_al_cierre.log,brown_gloves,P4,on,400,29,0,10,371,26,10,2,0,PICK-FAIL
run_antimesa_rescate_0806.log,calcetines_nike,P1,on,400,148,7,74,252,144,125,1,1,PICK-FAIL
run_antimesa_rescate_0806.log,calcetines_nike,P2,on,400,55,1,22,345,51,26,1,1,PLACE-FAIL
run_antimesa_rescate_0806.log,calcetines_nike,P3,on,400,45,11,24,355,45,30,4,4,PLACE-FAIL
run_antimesa_rescate_0806.log,calcetines_nike,P4,on,400,38,0,10,362,35,16,8,0,PICK-FAIL
run_antipared.log,black_gloves,P1,off,400,,,,,86,8,1,1,PLACE-FAIL
run_antipared.log,black_gloves,P2,off,400,,,,,65,11,3,3,PLACE-FAIL
run_antipared.log,black_gloves,P3,off,400,,,,,80,11,3,3,PLACE-FAIL
run_antipared.log,black_gloves,P4,off,400,,,,,57,3,2,2,OK
run_antipared3.log,black_gloves,P1,off,400,,,,,79,5,1,1,PLACE-FAIL
run_antipared3.log,black_gloves,P2,off,400,,,,,75,11,5,5,PLACE-FAIL
run_antipared3.log,black_gloves,P3,off,400,,,,,73,8,5,5,OK
run_antipared3.log,black_gloves,P4,off,400,,,,,44,3,1,1,PLACE-FAIL
run_antipared_apertura_0806.log,calcetines_nike,P1,on,400,151,14,85,249,151,133,1,1,PICK-FAIL
run_antipared_apertura_0806.log,calcetines_nike,P2,on,400,50,1,20,350,45,19,8,0,PICK-FAIL
run_antipared_apertura_0806.log,calcetines_nike,P3,on,400,46,8,13,354,43,33,2,2,PICK-FAIL
run_antipared_apertura_0806.log,calcetines_nike,P4,on,400,73,2,36,327,71,69,8,0,PICK-FAIL
run_antipared_mordazas.log,black_gloves,P1,off,400,,,,,85,13,1,1,OK
run_apertura_12.log,black_gloves,P1,on,400,111,0,54,289,108,87,40,40,OK
run_apertura_12.log,black_gloves,P2,on,400,168,0,110,232,165,138,53,53,OK
run_apertura_12.log,black_gloves,P3,on,400,154,1,84,246,148,116,46,46,PLACE-FAIL
run_apertura_12.log,black_gloves,P4,on,400,127,0,65,273,119,92,53,53,OK
run_apertura_12.log,brown_gloves,P1,on,400,184,0,87,216,184,133,42,42,OK
run_apertura_12.log,brown_gloves,P2,on,400,139,0,81,261,139,102,43,43,OK
run_apertura_12.log,brown_gloves,P3,on,400,163,0,91,237,163,147,100,100,OK
run_apertura_12.log,brown_gloves,P4,on,400,190,0,103,210,189,163,115,115,OK
run_apertura_12.log,wireless_mouse,P1,on,400,310,0,119,90,302,225,100,100,PLACE-FAIL
run_apertura_12.log,wireless_mouse,P2,off,400,,,,,,,,,OK
run_apertura_12.log,wireless_mouse,P3,on,400,391,1,195,9,388,355,315,315,OK
run_apertura_12.log,wireless_mouse,P4,on,400,395,19,209,5,390,383,343,343,OK
run_arbol_dedo_caja_0806.log,rubiks_cube,P1,off,400,,,,,,,,,
run_arista45_directo_0806.log,rubiks_cube,P1,off,400,,,,,,,,,
run_arista45_directo_hold_0806.log,rubiks_cube,P1,off,400,,,,,,,,,
run_arista_barrido_curobo_0807.log,rubiks_cube,P1,off,400,,,,,,,,,
run_arista_cubo_0806.log,rubiks_cube,P1,off,400,,,,,,,,,
run_arista_cubo_barrido_0806.log,rubiks_cube,P1,off,400,,,,,,,,,
run_arista_cubo_peq_0806.log,rubiks_cube,P1,off,400,,,,,,,,,
run_arista_curobo_0807.log,rubiks_cube,P1,off,400,,,,,,,,,
run_arista_directo_0806.log,rubiks_cube,P1,off,400,,,,,,,,,
run_arista_dz4cm_0806.log,rubiks_cube,P1,off,400,,,,,,,,,
run_arista_embudo_0806.log,rubiks_cube,P1,off,400,,,,,,,,,
run_arista_esferas_finas_0807.log,rubiks_cube,P1,off,400,,,,,,,,,
run_arista_finas_sinoverlay_0807.log,rubiks_cube,P1,off,400,,,,,,,,,
run_arista_frame_base_0807.log,rubiks_cube,P1,off,400,,,,,,,,,
run_arista_hold_0806.log,rubiks_cube,P1,off,400,,,,,,,,,
run_arista_margen3_0806.log,rubiks_cube,P1,off,400,,,,,,,,,
run_arista_pared_subido4cm_0806.log,rubiks_cube,P1,off,400,,,,,,,,,
run_arista_receta_0806.log,rubiks_cube,P1,off,400,,,,,,,,,
run_arista_ref1mm_0806.log,rubiks_cube,P1,off,400,,,,,,,,,
run_arista_ref2mm_0806.log,rubiks_cube,P1,off,400,,,,,,,,,
run_arista_ref3mm_0806.log,rubiks_cube,P1,off,400,,,,,,,,,
run_arista_simultaneo_0806.log,rubiks_cube,P1,off,400,,,,,,,,,
run_arista_sin_fantasma_0806.log,rubiks_cube,P1,off,400,,,,,,,,,
run_arista_volreal_0806.log,rubiks_cube,P1,off,400,,,,,,,,,
run_base_ok.log,black_gloves,P1,off,400,,,,,69,12,2,2,OK
run_base_ok.log,black_gloves,P2,off,400,,,,,64,3,2,2,PICK-FAIL
run_base_ok.log,black_gloves,P3,off,400,,,,,69,33,18,18,PICK-FAIL
run_base_ok.log,black_gloves,P4,off,400,,,,,55,1,6,1,OK
run_calcetin38_pared_losa_0806.log,calcetines_nike,P1,on,400,142,8,85,258,139,125,2,0,OK
run_calcetin38_pared_losa_0806.log,calcetines_nike,P2,on,400,46,0,20,354,43,15,,0,PICK-FAIL
run_calcetin38_pared_losa_0806.log,calcetines_nike,P3,on,400,37,14,11,363,36,24,5,5,PLACE-FAIL
run_calcetin38_pared_losa_0806.log,calcetines_nike,P4,on,400,10,3,6,390,10,10,,0,OK
run_calcetin_tipfix_0806.log,calcetines_nike,P1,on,400,151,15,70,249,149,134,5,0,PICK-FAIL
run_calcetin_tipfix_0806.log,calcetines_nike,P2,on,400,46,0,22,354,43,19,,0,PICK-FAIL
run_calcetin_tipfix_0806.log,calcetines_nike,P3,on,400,49,8,26,351,49,30,4,4,PLACE-FAIL
run_calcetin_tipfix_0806.log,calcetines_nike,P4,on,400,38,0,10,362,33,11,,0,
run_calcetines_palmafix_0807.log,calcetines_nike,P1,on,400,266,18,119,134,151,132,75,75,PLACE-FAIL
run_calcetines_palmafix_0807.log,calcetines_nike,P2,on,400,86,0,47,314,83,44,6,6,OK
run_calcetines_palmafix_0807.log,calcetines_nike,P3,on,400,88,9,46,312,87,34,22,22,PLACE-FAIL
run_calcetines_palmafix_0807.log,calcetines_nike,P4,on,400,193,18,87,207,66,28,17,17,
run_calibra_0806.log,brown_gloves,P1,off,400,,,,,,,,,
run_calibra_losa_baja_0806.log,brown_gloves,P1,off,400,,,,,,,,,
run_calibra_suelo_desnudo_0806.log,brown_gloves,P1,off,400,,,,,,,,,
run_com_norm.log,wireless_mouse,P3,on,400,353,0,185,47,338,314,239,239,OK
run_com_norm.log,wireless_mouse,P4,on,400,375,14,182,25,319,296,201,201,OK
run_com_norm.log,power_drill,P3,on,400,325,3,159,75,279,242,127,127,OK
run_com_norm.log,power_drill,P4,on,400,279,2,155,121,270,144,79,79,OK
run_conserva_peso.log,wireless_mouse,P3,on,400,366,99,187,34,349,304,159,159,PLACE-FAIL
run_conserva_peso.log,wireless_mouse,P4,on,400,374,109,177,26,270,249,117,117,
run_conserva_peso2.log,wireless_mouse,P3,on,400,354,73,195,46,335,294,169,169,OK
run_conserva_peso2.log,wireless_mouse,P4,on,400,376,132,191,24,311,294,158,158,OK
run_conserva_peso2.log,power_drill,P3,on,400,318,57,158,82,276,222,103,103,OK
run_conserva_peso2.log,power_drill,P4,on,400,290,19,145,110,274,155,88,88,PLACE-FAIL
run_cota_real.log,brown_gloves,P1,on,400,49,4,23,351,45,20,3,0,PICK-FAIL
run_cota_real.log,brown_gloves,P2,on,400,30,0,9,370,26,13,,0,PLACE-FAIL
run_cota_real.log,brown_gloves,P3,on,400,1,0,1,399,98,1,,0,PICK-FAIL
run_cota_real.log,brown_gloves,P4,on,400,3,0,1,397,85,0,,1,PICK-FAIL
run_cubo147_aristas_0807.log,rubiks_cube,P1,on,400,61,3,34,339,60,22,4,0,PLACE-FAIL
run_cubo147_aristas_0807.log,rubiks_cube,P2,on,400,68,2,25,332,60,12,7,0,
run_cubo_activacion5mm_0806.log,rubiks_cube,P1,on,400,30,3,11,370,29,20,9,0,PLACE-FAIL
run_cubo_activacion5mm_0806.log,rubiks_cube,P2,on,400,12,2,6,388,12,5,3,0,OK
run_cubo_activacion5mm_0806.log,rubiks_cube,P3,on,400,30,3,10,370,29,19,6,0,OK
run_cubo_activacion5mm_0806.log,rubiks_cube,P4,on,400,16,2,8,384,16,10,6,0,PLACE-FAIL
run_cubo_aristas_calibrado_0807.log,rubiks_cube,P1,on,400,20,2,10,380,20,6,3,0,PLACE-FAIL
run_cubo_aristas_calibrado_0807.log,rubiks_cube,P2,on,400,14,5,8,386,14,7,,0,OK
run_cubo_aristas_calibrado_0807.log,rubiks_cube,P3,on,400,3,0,0,397,,0,,,
run_cubo_mitad_0806.log,rubiks_cube,P1,off,400,,,,,115,0,,0,PICK-FAIL
run_cubo_mitad_0806.log,rubiks_cube,P2,off,400,,,,,114,0,,,PICK-FAIL
run_cubo_mitad_0806.log,rubiks_cube,P3,off,400,,,,,123,0,,,PICK-FAIL
run_cubo_mitad_0806.log,rubiks_cube,P4,off,400,,,,,120,0,,,
run_cubo_mitad_seg40_0806.log,rubiks_cube,P1,on,400,52,4,22,348,51,27,3,0,PICK-FAIL
run_cubo_mitad_seg40_0806.log,rubiks_cube,P2,on,400,47,2,14,353,45,17,1,0,PICK-FAIL
run_cubo_mitad_seg40_0806.log,rubiks_cube,P3,on,400,61,1,33,339,60,29,4,0,PLACE-FAIL
run_cubo_mitad_seg40_0806.log,rubiks_cube,P4,on,400,64,1,22,336,62,27,1,0,PICK-FAIL
run_cubo_pared_calibrada_0806.log,rubiks_cube,P1,on,400,31,2,17,369,29,23,2,0,PICK-FAIL
run_cubo_pared_calibrada_0806.log,rubiks_cube,P2,on,400,15,4,9,385,14,8,5,0,PLACE-FAIL
run_cubo_pared_calibrada_0806.log,rubiks_cube,P3,on,400,36,3,21,364,36,29,8,0,PLACE-FAIL
run_cubo_pared_calibrada_0806.log,rubiks_cube,P4,on,400,14,3,7,386,13,7,2,0,PLACE-FAIL
run_cubo_pared_cierre_carne_0806.log,rubiks_cube,P1,on,400,33,3,11,367,31,18,6,0,PICK-FAIL
run_cubo_pared_cierre_carne_0806.log,rubiks_cube,P2,on,400,15,2,10,385,14,3,2,0,OK
run_cubo_pared_cierre_carne_0806.log,rubiks_cube,P3,on,400,46,4,22,354,46,19,5,0,PICK-FAIL
run_cubo_pared_cierre_carne_0806.log,rubiks_cube,P4,on,400,13,2,9,387,13,5,3,0,PICK-FAIL
run_cubo_pared_contacto_yaml_0806.log,rubiks_cube,P1,on,400,36,1,22,364,35,13,5,0,PLACE-FAIL
run_cubo_pared_contacto_yaml_0806.log,rubiks_cube,P2,on,400,15,3,7,385,14,7,1,0,PICK-FAIL
run_cubo_pared_contacto_yaml_0806.log,rubiks_cube,P3,on,400,42,3,22,358,41,21,8,0,PLACE-FAIL
run_cubo_pared_contacto_yaml_0806.log,rubiks_cube,P4,on,400,23,2,14,377,20,4,2,0,PICK-FAIL
run_cubo_pared_para_ver_0806.log,rubiks_cube,P1,on,400,28,5,9,372,28,14,2,0,PLACE-FAIL
run_cubo_pared_para_ver_0806.log,rubiks_cube,P2,on,400,19,2,9,381,18,7,5,0,PICK-FAIL
run_cubo_pared_para_ver_0806.log,rubiks_cube,P3,on,400,26,3,12,374,24,15,5,0,PLACE-FAIL
run_cubo_pared_para_ver_0806.log,rubiks_cube,P4,on,400,16,4,7,384,16,11,3,0,PLACE-FAIL
run_cubo_peq_pared_0806.log,rubiks_cube,P1,on,400,34,5,15,366,34,27,10,0,PLACE-FAIL
run_cubo_peq_pared_0806.log,rubiks_cube,P2,on,400,11,0,6,389,9,6,5,0,PLACE-FAIL
run_cubo_peq_pared_0806.log,rubiks_cube,P3,on,400,33,0,17,367,29,22,9,0,PLACE-FAIL
run_cubo_peq_pared_0806.log,rubiks_cube,P4,on,400,25,2,14,375,24,11,4,0,OK
run_curobo_estrecho_final_0806.log,calcetines_nike,P1,off,400,,,,,,,,,
run_datasetB.log,black_gloves,P1,off,400,,,,,88,8,1,,PLACE-FAIL
run_datasetB.log,black_gloves,P2,off,400,,,,,82,14,5,,PLACE-FAIL
run_datasetB.log,black_gloves,P3,off,400,,,,,78,17,12,,PLACE-FAIL
run_datasetB.log,black_gloves,P4,off,400,,,,,62,1,,,OK
run_datasetB.log,brown_gloves,P1,off,400,,,,,92,14,4,,
run_demo_jorge.log,brown_gloves,P1,on,400,211,1,117,189,208,170,66,66,OK
run_demo_jorge.log,brown_gloves,P2,on,400,138,0,79,262,138,107,55,55,OK
run_demo_jorge.log,brown_gloves,P3,on,400,162,1,97,238,161,138,74,74,OK
run_demo_jorge.log,brown_gloves,P4,on,400,206,2,128,194,205,183,72,72,OK
run_demo_jorge.log,black_gloves,P1,on,400,133,0,74,267,128,91,37,37,OK
run_demo_jorge.log,black_gloves,P2,on,400,128,0,79,272,122,99,38,38,OK
run_demo_jorge.log,black_gloves,P3,on,400,131,5,71,269,129,104,34,34,OK
run_demo_jorge.log,black_gloves,P4,on,400,150,0,90,250,142,121,42,42,OK
run_demo_jorge.log,calcetines_nike,P1,on,400,341,1,174,59,253,229,139,139,OK
run_demo_jorge.log,calcetines_nike,P2,on,400,185,8,96,215,185,151,66,66,OK
run_demo_jorge.log,calcetines_nike,P3,on,400,335,3,175,65,321,289,186,186,OK
run_demo_jorge.log,calcetines_nike,P4,on,400,357,20,166,43,256,225,135,135,OK
run_demo_jorge.log,wireless_mouse,P1,on,400,301,0,137,99,289,220,66,66,OK
run_demo_jorge.log,wireless_mouse,P2,off,400,,,,,,,,,OK
run_demo_jorge.log,wireless_mouse,P3,on,400,351,3,161,49,338,313,227,227,OK
run_demo_jorge.log,wireless_mouse,P4,on,400,372,18,188,28,317,289,169,169,OK
run_demo_rapida_0806.log,usb_c_cable,P1,on,400,159,22,79,241,159,152,114,114,OK
run_demo_rapida_0806.log,neceser_versace,P1,on,400,357,53,176,43,342,286,170,170,OK
run_demo_rapida_0806.log,gelatin_box,P2,off,400,,,,,,,,,OK
run_desde_base.log,black_gloves,P1,off,400,,,,,63,7,3,3,PLACE-FAIL
run_desde_base.log,black_gloves,P2,off,400,,,,,53,7,4,4,PICK-FAIL
run_desde_base.log,black_gloves,P3,off,400,,,,,50,24,13,13,PICK-FAIL
run_desde_base.log,black_gloves,P4,off,400,,,,,50,6,4,4,PICK-FAIL
run_embudo_P1.log,black_gloves,P1,off,400,,,,,92,19,9,9,OK
run_embudo_P1_b.log,black_gloves,P1,off,400,,,,,71,8,1,1,PLACE-FAIL
run_esquinas_35.log,brown_gloves,P1,on,400,49,0,22,351,48,5,2,0,PLACE-FAIL
run_esquinas_35.log,brown_gloves,P2,on,400,38,0,17,362,34,5,1,0,PLACE-FAIL
run_esquinas_35.log,brown_gloves,P3,on,400,1,0,0,399,82,0,,,PICK-FAIL
run_esquinas_35.log,brown_gloves,P4,on,400,1,0,1,399,74,0,,,PICK-FAIL
run_esquinas_base.log,brown_gloves,P1,on,400,3,0,0,397,,0,1,1,PICK-FAIL
run_esquinas_base.log,brown_gloves,P2,on,400,20,0,9,380,20,0,,,PICK-FAIL
run_esquinas_base.log,brown_gloves,P3,on,400,1,0,0,399,83,0,,1,PICK-FAIL
run_esquinas_base.log,brown_gloves,P4,off,400,,,,,88,0,,,PICK-FAIL
run_gelatin_0806.log,gelatin_box,P1,on,400,298,85,140,102,244,205,140,140,OK
run_gelatin_0806.log,gelatin_box,P2,off,400,,,,,,,,,OK
run_grabacion_d0ffebe_0806.log,brown_gloves,P1,on,400,211,3,134,189,207,181,77,77,OK
run_grabacion_d0ffebe_0806.log,brown_gloves,P2,on,400,162,3,85,238,162,140,55,55,OK
run_grabacion_d0ffebe_0806.log,brown_gloves,P3,on,400,168,1,90,232,165,134,70,70,OK
run_grabacion_d0ffebe_0806.log,brown_gloves,P4,on,400,226,12,134,174,221,193,55,55,OK
run_grabacion_d0ffebe_0806.log,black_gloves,P1,on,400,135,0,68,265,132,104,35,35,OK
run_grabacion_d0ffebe_0806.log,black_gloves,P2,on,400,167,2,98,233,167,135,47,47,OK
run_grabacion_d0ffebe_0806.log,black_gloves,P3,on,400,136,17,75,264,131,101,34,34,OK
run_grabacion_d0ffebe_0806.log,black_gloves,P4,on,400,177,4,105,223,171,135,50,50,OK
run_grabacion_d0ffebe_0806.log,calcetines_nike,P1,on,400,341,77,170,59,267,230,115,115,OK
run_grabacion_d0ffebe_0806.log,calcetines_nike,P2,on,400,231,16,121,169,228,171,66,66,OK
run_grabacion_d0ffebe_0806.log,calcetines_nike,P3,on,400,332,86,160,68,319,289,141,141,OK
run_grabacion_d0ffebe_0806.log,calcetines_nike,P4,on,400,361,108,186,39,250,231,107,107,OK
run_grabacion_d0ffebe_0806.log,wireless_mouse,P1,on,400,324,11,162,76,308,262,110,110,PLACE-FAIL
run_grabacion_d0ffebe_0806.log,wireless_mouse,P2,off,400,,,,,,,,,OK
run_grabacion_d0ffebe_0806.log,wireless_mouse,P3,on,400,351,82,175,49,331,287,174,174,OK
run_grabacion_d0ffebe_0806.log,wireless_mouse,P4,on,400,370,123,185,30,290,270,159,159,OK
run_guante35_aristas_calibrado_0807.log,brown_gloves,P1,on,400,23,0,13,377,23,12,,0,PLACE-FAIL
run_guante35_aristas_calibrado_0807.log,brown_gloves,P2,off,400,,,,,,,,,PICK-FAIL
run_guante35_aristas_calibrado_0807.log,brown_gloves,P3,off,400,,,,,114,5,1,0,
run_guante35_clear12_0807.log,brown_gloves,P1,on,400,31,0,12,369,28,20,,0,OK
run_guante35_clear12_0807.log,brown_gloves,P2,off,400,,,,,,,,,PICK-FAIL
run_guante35_clear12_0807.log,brown_gloves,P3,off,400,,,,,104,14,4,0,PLACE-FAIL
run_guante35_clear12_0807.log,brown_gloves,P4,off,400,,,,,,,,,
run_individuales_fallidos_0808.log,usb_c_cable,P2,on,400,199,1,113,201,189,120,17,17,OK
run_individuales_fallidos_0808.log,yellow_trim,P2,on,400,184,31,92,216,182,121,81,81,OK
run_individuales_fallidos_0808.log,cinturon,P2,on,400,227,4,120,173,224,90,6,6,OK
run_individuales_fallidos_0808.log,black_gloves,P2,on,400,128,1,72,272,127,88,17,17,OK
run_individuales_fallidos_0808.log,adidas_shin_guard,P2,on,400,132,2,93,268,96,47,12,12,PLACE-FAIL
run_individuales_fallidos_0808.log,gelatin_box,P2,off,400,,,,,,,,,OK
run_jaw_body.log,wireless_mouse,P1,off,400,,,,,,,,,PLACE-FAIL
run_jaw_body.log,wireless_mouse,P2,off,400,,,,,,,,,OK
run_jaw_body.log,black_gloves,P1,on,400,106,0,47,294,102,76,31,31,OK
run_jaw_body.log,black_gloves,P2,on,400,154,0,81,246,152,120,56,56,OK
run_jaw_neceser.log,neceser_versace,P1,on,400,362,2,177,38,353,318,275,275,OK
run_jaw_neceser.log,neceser_versace,P2,on,400,228,1,106,172,222,198,128,128,OK
run_jaw_neceser.log,neceser_versace,P3,on,400,374,0,167,26,322,288,236,236,OK
run_jaw_neceser.log,neceser_versace,P4,on,400,336,8,147,64,324,275,250,250,OK
run_margen4mm.log,black_gloves,P1,off,400,,,,,69,30,3,3,PLACE-FAIL
run_material_boca.log,brown_gloves,P1,on,400,48,2,25,352,47,19,1,1,PICK-FAIL
run_material_boca.log,brown_gloves,P2,on,400,28,0,10,372,25,10,1,1,PICK-FAIL
run_material_boca.log,brown_gloves,P3,on,400,2,0,1,398,92,2,,0,PICK-FAIL
run_material_boca.log,brown_gloves,P4,on,400,3,0,1,397,75,0,,0,PICK-FAIL
run_material_ok.log,brown_gloves,P1,on,400,35,0,23,365,35,8,1,0,PICK-FAIL
run_material_ok.log,brown_gloves,P2,on,400,33,0,8,367,31,10,,0,PLACE-FAIL
run_material_ok.log,brown_gloves,P3,on,400,1,0,1,399,,0,,1,PICK-FAIL
run_material_ok.log,brown_gloves,P4,off,400,,,,,81,0,,,PICK-FAIL
run_material_score.log,brown_gloves,P1,on,400,38,1,22,362,35,10,2,0,PICK-FAIL
run_material_score.log,brown_gloves,P2,on,400,27,0,9,373,23,10,,0,PLACE-FAIL
run_material_score.log,brown_gloves,P3,on,400,86,8,35,314,85,41,4,0,PLACE-FAIL
run_material_score.log,brown_gloves,P4,on,400,40,0,17,360,37,11,1,0,PLACE-FAIL
run_medir_regen.log,wireless_mouse,P3,on,400,354,1,186,46,341,312,216,216,OK
run_medir_regen.log,wireless_mouse,P4,on,400,373,21,175,27,322,302,189,189,OK
run_medir_regen.log,power_drill,P3,on,400,310,1,145,90,274,246,139,139,PLACE-FAIL
run_medir_regen.log,power_drill,P4,on,400,300,3,160,100,289,146,83,83,OK
run_nube_malla.log,black_gloves,P1,off,400,,,,,84,5,1,1,PLACE-FAIL
run_nube_malla.log,black_gloves,P2,off,400,,,,,68,7,3,0,OK
run_nube_malla.log,black_gloves,P3,off,400,,,,,69,13,6,6,OK
run_nube_malla.log,black_gloves,P4,off,400,,,,,62,8,2,2,OK
run_nube_sin_caja.log,black_gloves,P1,off,400,,,,,64,8,2,2,PLACE-FAIL
run_nube_sin_caja.log,black_gloves,P2,off,400,,,,,65,3,2,2,PICK-FAIL
run_nube_sin_caja.log,black_gloves,P3,off,400,,,,,64,31,18,18,PICK-FAIL
run_nube_sin_caja.log,black_gloves,P4,off,400,,,,,47,4,2,2,OK
run_pared_ajuste_fino_0806.log,rubiks_cube,P1,off,400,,,,,,,,,
run_pared_base_0806.log,brown_gloves,P1,on,400,39,0,21,361,36,18,1,0,PICK-FAIL
run_pared_base_0806.log,brown_gloves,P2,on,400,26,0,5,374,26,13,2,0,PICK-FAIL
run_pared_beso_0806.log,rubiks_cube,P1,off,400,,,,,,,,,
run_pared_doble_recorte_0806.log,rubiks_cube,P1,off,400,,,,,,,,,
run_pared_mirar_0806.log,brown_gloves,P1,on,400,48,2,21,352,45,20,,0,PLACE-FAIL
run_pared_mirar_0806.log,brown_gloves,P2,on,400,23,0,6,377,20,10,,0,PLACE-FAIL
run_pared_mirar_0806.log,brown_gloves,P3,on,400,89,14,47,311,89,28,3,0,PLACE-FAIL
run_pared_mirar_0806.log,brown_gloves,P4,on,400,48,2,20,352,45,17,,0,PICK-FAIL
run_pared_sin_fantasma_0806.log,rubiks_cube,P1,off,400,,,,,,,,,
run_pelicula_dedo_0806.log,rubiks_cube,P1,off,400,,,,,,,,,
run_pellizco_estrecho_0806.log,calcetines_nike,P1,on,400,211,7,119,189,204,158,8,8,PICK-FAIL
run_pellizco_estrecho_0806.log,calcetines_nike,P2,on,400,103,0,36,297,92,39,4,4,PICK-FAIL
run_pellizco_estrecho_0806.log,calcetines_nike,P3,on,400,109,16,35,291,107,68,5,5,PICK-FAIL
run_pellizco_estrecho_0806.log,calcetines_nike,P4,on,400,196,9,91,204,186,137,4,4,PICK-FAIL
run_pequenos35_palmafix_0807.log,brown_gloves,P1,on,400,32,1,16,368,29,26,1,1,PLACE-FAIL
run_pequenos35_palmafix_0807.log,brown_gloves,P2,off,400,,,,,,,,,PICK-FAIL
run_pequenos35_palmafix_0807.log,brown_gloves,P3,on,400,26,1,3,374,110,16,5,0,PICK-FAIL
run_pequenos35_palmafix_0807.log,brown_gloves,P4,off,400,,,,,,,,,
run_place_lento.log,black_gloves,P1,off,400,,,,,76,5,2,2,PLACE-FAIL
run_place_lento.log,black_gloves,P2,off,400,,,,,72,5,2,2,PLACE-FAIL
run_place_lento.log,black_gloves,P3,off,400,,,,,68,6,2,2,PICK-FAIL
run_place_lento.log,black_gloves,P4,off,400,,,,,48,5,3,3,PLACE-FAIL
run_postdesc_on.log,brown_gloves,P1,on,400,44,2,14,356,43,18,1,1,PICK-FAIL
run_postdesc_on.log,brown_gloves,P2,on,400,23,1,7,377,20,7,,0,PLACE-FAIL
run_postdesc_on.log,brown_gloves,P3,on,400,1,0,1,399,87,0,,,PICK-FAIL
run_postdesc_on.log,brown_gloves,P4,off,400,,,,,86,0,,0,PICK-FAIL
run_prelotes_black_gloves.log,black_gloves,P1,on,400,132,2,83,268,128,93,19,19,OK
run_prelotes_black_gloves.log,black_gloves,P2,on,400,143,4,74,257,140,109,14,14,OK
run_prelotes_black_gloves.log,black_gloves,P3,on,400,183,3,140,217,129,116,66,66,OK
run_prelotes_black_gloves.log,black_gloves,P4,on,400,134,0,58,266,130,104,16,16,OK
run_prendas_regen.log,black_gloves,P1,on,400,124,0,67,276,122,95,36,36,PLACE-FAIL
run_prendas_regen.log,black_gloves,P2,on,400,132,0,83,268,128,105,46,46,OK
run_prendas_regen.log,black_gloves,P3,on,400,139,3,66,261,136,98,43,43,PLACE-FAIL
run_prendas_regen.log,black_gloves,P4,on,400,133,0,71,267,132,113,50,50,OK
run_prendas_regen.log,brown_gloves,P1,on,400,174,0,94,226,174,121,38,38,OK
run_prendas_regen.log,brown_gloves,P2,on,400,161,0,89,239,161,133,67,67,OK
run_prendas_regen.log,brown_gloves,P3,on,400,173,0,88,227,172,149,108,108,OK
run_prendas_regen.log,brown_gloves,P4,on,400,217,0,142,183,215,195,120,120,OK
run_prendas_regen.log,calcetines_nike,P1,on,400,345,2,176,55,261,247,193,193,OK
run_prendas_regen.log,calcetines_nike,P2,on,400,216,1,111,184,213,171,100,100,OK
run_prendas_regen.log,calcetines_nike,P3,on,400,323,1,174,77,318,293,237,237,OK
run_prendas_regen.log,calcetines_nike,P4,on,400,360,8,184,40,282,249,191,191,OK
run_prendas_regen.log,pink_mesh,P1,on,400,194,0,118,206,193,170,91,91,OK
run_prendas_regen.log,pink_mesh,P2,on,400,253,0,154,147,250,180,62,62,OK
run_prendas_regen.log,pink_mesh,P3,on,400,196,0,132,204,193,105,39,39,OK
run_prendas_regen.log,pink_mesh,P4,on,400,240,1,150,160,171,150,76,76,OK
run_punta_sin_fantasma_0806.log,rubiks_cube,P1,off,400,,,,,,,,,
run_quien_para_0806.log,rubiks_cube,P1,off,400,,,,,,,,,
run_raton_deproy.log,wireless_mouse,P1,off,400,,,,,,,,,OK
run_raton_lift20.log,wireless_mouse,P1,off,400,,,,,,,,,OK
run_raton_lift20.log,wireless_mouse,P2,off,400,,,,,,,,,OK
run_raton_seg.log,wireless_mouse,P1,off,400,,,,,,,,,PLACE-FAIL
run_raton_seg.log,wireless_mouse,P2,off,400,,,,,,,,,OK
run_regen_admisible.log,black_gloves,P1,on,400,316,0,181,84,221,169,50,50,PLACE-FAIL
run_regen_dedos.log,brown_gloves,P1,on,400,198,1,112,202,197,168,63,63,OK
run_regen_dedos.log,brown_gloves,P2,on,400,138,1,80,262,137,104,40,40,OK
run_regen_dedos.log,brown_gloves,P3,on,400,170,1,98,230,166,146,81,81,OK
run_regen_dedos.log,brown_gloves,P4,on,400,183,0,97,217,182,164,65,65,OK
run_regen_v2_brazo.log,black_gloves,P1,on,400,121,0,62,279,120,100,43,43,OK
run_regresion_0806.log,brown_gloves,P1,on,400,189,1,115,211,187,153,53,53,OK
run_regresion_0806.log,brown_gloves,P2,on,400,141,0,77,259,141,111,37,37,OK
run_regresion_0806.log,brown_gloves,P3,on,400,175,5,100,225,174,154,85,85,OK
run_regresion_0806.log,brown_gloves,P4,on,400,246,5,145,154,242,217,69,69,OK
run_regresion_0806.log,black_gloves,P1,on,400,124,2,58,276,121,94,29,29,OK
run_regresion_0806.log,black_gloves,P2,on,400,148,1,87,252,145,105,32,32,OK
run_regresion_0806.log,black_gloves,P3,on,400,139,11,77,261,126,99,36,36,PICK-FAIL
run_regresion_0806.log,black_gloves,P4,on,400,195,1,109,205,187,144,55,55,
run_regresion_banco.log,brown_gloves,P1,on,400,213,6,120,187,210,175,59,59,
run_reintento_v2_esquinas.log,brown_gloves,P1,on,400,124,2,74,276,120,78,16,16,OK
run_reintento_v2_esquinas.log,brown_gloves,P1,on,400,72,2,39,328,71,39,8,8,OK
run_reintento_v2_esquinas.log,brown_gloves,P1,on,400,123,3,75,277,117,84,13,13,OK
run_reintento_v2_esquinas.log,brown_gloves,P1,on,400,57,0,27,343,56,30,4,4,OK
run_replica_ayer_calcetines_0808.log,calcetines_nike,P1,on,400,279,15,135,121,161,128,73,73,PLACE-FAIL
run_replica_ayer_calcetines_0808.log,calcetines_nike,P2,on,400,73,1,41,327,72,31,3,3,OK
run_replica_ayer_calcetines_0808.log,calcetines_nike,P3,on,400,110,7,57,290,109,48,24,24,PLACE-FAIL
run_replica_ayer_calcetines_0808.log,calcetines_nike,P4,on,400,172,14,89,228,59,27,18,18,PLACE-FAIL
run_rescore_12.log,black_gloves,P1,on,400,113,0,48,287,110,91,33,33,OK
run_rescore_12.log,black_gloves,P2,on,400,119,0,79,281,118,102,42,42,OK
run_rescore_12.log,black_gloves,P3,on,400,149,4,79,251,146,109,38,38,OK
run_rescore_12.log,black_gloves,P4,on,400,122,0,62,278,119,100,53,53,OK
run_rescore_12.log,brown_gloves,P1,on,400,195,0,119,205,193,169,96,96,OK
run_rescore_12.log,brown_gloves,P2,on,400,166,0,105,234,165,133,67,67,OK
run_rescore_12.log,brown_gloves,P3,on,400,173,2,103,227,172,153,112,112,OK
run_rescore_12.log,brown_gloves,P4,on,400,218,0,131,182,218,203,131,131,OK
run_rescore_12.log,wireless_mouse,P1,on,400,302,0,138,98,298,227,81,81,PLACE-FAIL
run_rescore_12.log,wireless_mouse,P2,off,400,,,,,,,,,OK
run_rescore_12.log,wireless_mouse,P3,on,400,388,1,204,12,377,339,313,313,OK
run_rescore_12.log,wireless_mouse,P4,on,400,395,19,191,5,385,382,343,343,OK
run_rescore_bg_P1.log,black_gloves,P1,on,400,143,0,65,257,139,109,38,38,OK
run_seg2.log,black_gloves,P1,off,400,,,,,78,9,2,2,PLACE-FAIL
run_seg2.log,black_gloves,P2,off,400,,,,,63,6,5,5,OK
run_segmentada.log,black_gloves,P1,off,400,,,,,72,6,1,1,PLACE-FAIL
run_segmentada.log,black_gloves,P2,off,400,,,,,66,4,1,1,OK
run_segmentada.log,black_gloves,P3,off,400,,,,,63,15,7,7,OK
run_segmentada.log,black_gloves,P4,off,400,,,,,61,8,4,4,
run_sin_pared.log,black_gloves,P1,off,400,,,,,61,10,1,1,PLACE-FAIL
run_sin_pared.log,black_gloves,P2,off,400,,,,,49,6,2,2,OK
run_sin_pared.log,black_gloves,P3,off,400,,,,,59,30,14,14,PICK-FAIL
run_sin_pared.log,black_gloves,P4,off,400,,,,,57,10,7,7,OK
run_suelo_real.log,brown_gloves,P1,on,400,38,1,15,362,35,13,,0,PLACE-FAIL
run_suelo_real.log,brown_gloves,P2,on,400,26,0,9,374,21,4,1,0,PICK-FAIL
run_suelo_real.log,brown_gloves,P3,on,400,104,10,58,296,104,38,3,0,PLACE-FAIL
run_suelo_real.log,brown_gloves,P4,on,400,42,2,13,358,36,10,,0,PLACE-FAIL
run_trio_normal_0806.log,power_drill,P1,on,400,279,18,150,121,273,188,76,76,PLACE-FAIL
run_trio_normal_0806.log,power_drill,P2,on,400,360,74,174,40,288,246,161,161,OK
run_trio_normal_0806.log,usb_c_cable,P1,on,400,162,29,86,238,162,152,98,98,OK
run_trio_normal_0806.log,usb_c_cable,P2,on,400,152,13,75,248,152,137,99,99,OK
run_trio_normal_0806.log,neceser_versace,P1,on,400,364,55,172,36,347,287,185,185,OK
run_trio_normal_0806.log,neceser_versace,P2,on,400,221,2,110,179,213,174,99,99,OK
run_up_eje.log,brown_gloves,P1,on,400,35,0,19,365,34,13,,0,PLACE-FAIL
run_up_eje.log,brown_gloves,P2,on,400,29,0,12,371,28,14,1,0,PLACE-FAIL
run_up_eje.log,brown_gloves,P3,on,400,114,27,53,286,113,47,5,0,PLACE-FAIL
run_up_eje.log,brown_gloves,P4,on,400,30,0,12,370,27,10,3,0,PICK-FAIL
run_verif_arista45_calibrada_0806.log,rubiks_cube,P1,off,400,,,,,,,,,
run_verif_centro_perpendicular_0806.log,rubiks_cube,P1,off,400,,,,,,,,,
run_verificador.log,black_gloves,P1,off,400,,,,,69,5,2,2,PLACE-FAIL
run_verificador.log,black_gloves,P2,off,400,,,,,78,8,2,2,PLACE-FAIL
run_verificador.log,black_gloves,P3,off,400,,,,,81,16,6,6,OK
run_verificador.log,black_gloves,P4,off,400,,,,,54,6,2,2,OK
run_veto_solido.log,wireless_mouse,P1,off,400,,,,,,,,,OK
run_veto_solido.log,wireless_mouse,P2,off,400,,,,,,,,,OK
run_veto_solido.log,wireless_mouse,P3,on,400,356,2,184,44,336,308,224,224,OK
run_veto_solido.log,wireless_mouse,P4,on,400,382,15,189,18,321,301,195,195,OK
run_visor_bg_P1.log,black_gloves,P1,on,400,131,0,67,269,128,91,44,44,OK
run_visor_bg_P1b.log,black_gloves,P1,on,400,129,1,70,271,127,99,40,40,OK
run_visor_rank.log,black_gloves,P1,off,400,,,,,87,10,4,4,PLACE-FAIL
run_visor_rank.log,black_gloves,P2,off,400,,,,,50,4,1,1,PICK-FAIL
run_visor_rank.log,black_gloves,P3,off,400,,,,,61,33,20,20,PICK-FAIL
run_visor_rank.log,black_gloves,P4,off,400,,,,,49,9,7,7,OK
